<?xml version="1.0" encoding="UTF-8"?>
<metadata modelVersion="1.1.0">
  <groupId>com.ctrip.framework.apollo</groupId>
  <artifactId>apollo</artifactId>
  <version>0.11.0-SNAPSHOT</version>
  <versioning>
    <snapshot>
      <localCopy>true</localCopy>
    </snapshot>
    <lastUpdated>20180715042134</lastUpdated>
    <snapshotVersions>
      <snapshotVersion>
        <extension>pom</extension>
        <value>0.11.0-SNAPSHOT</value>
        <updated>20180715042134</updated>
      </snapshotVersion>
    </snapshotVersions>
  </versioning>
</metadata>
